,Adult Mortality,infant deaths,Alcohol,percentage expenditure,Hepatitis B,Measles,BMI,under-five deaths,Polio,Total expenditure,Diphtheria,HIV/AIDS,GDP,Population,thinness  10-19 years,thinness 5-9 years,Income composition of resources,Schooling
2644,151.0,0,1.8,423.2953509,9.0,0,68.6,0,91.0,4.87,9.0,0.1,2284.37858,146.0,0.1,0.1,0.693,14.6
2645,153.0,0,1.79,45.85105771,85.0,0,67.8,0,91.0,5.9,9.0,0.1,229.714718,99789.0,0.1,0.1,0.683,13.7
2646,155.0,0,1.51,310.8203382,88.0,0,67.0,0,85.0,5.3,84.0,0.1,1842.44421,99184.0,0.1,0.1,0.679,13.5
2647,157.0,0,1.35,330.1007394,91.0,4,66.2,0,91.0,5.66,89.0,0.1,1837.977391,98611.0,0.1,0.1,0.674,13.2
2648,158.0,0,1.24,40.49128897,93.0,0,65.5,0,91.0,4.75,91.0,0.1,263.27236,9882.0,0.1,0.1,0.676,13.7
2649,17.0,0,0.0,0.0,9.0,0,47.1,0,88.0,0.0,96.0,0.3,17321.83373,13692.0,5.7,5.9,0.779,12.7
2650,171.0,0,6.94,1578.872339,92.0,0,46.0,0,94.0,5.93,92.0,0.3,19325.24283,1354493.0,5.8,6.0,0.778,12.7
2651,172.0,0,6.71,167.2657906,92.0,0,45.0,0,94.0,5.98,92.0,0.3,1967.83283,1348248.0,5.8,6.0,0.773,12.7
2652,174.0,0,6.7,1486.236406,92.0,0,44.0,0,91.0,5.78,92.0,0.4,19152.531,1341588.0,5.9,6.1,0.772,12.6
2653,176.0,0,6.5,144.9850711,9.0,0,43.0,0,91.0,5.6,9.0,0.4,1953.9767,1334788.0,5.9,6.2,0.774,12.6
2654,179.0,0,6.5,1389.772683,9.0,0,42.0,0,91.0,5.29,9.0,0.4,16683.94578,13281.0,5.9,6.3,0.772,12.5
2655,183.0,0,6.37,128.0896289,9.0,0,41.1,0,9.0,6.47,9.0,0.2,1458.8796,1321618.0,6.0,6.4,0.773,12.5
2656,185.0,0,6.41,1902.693048,9.0,0,4.2,0,91.0,4.4,9.0,0.3,21188.11857,1315372.0,6.1,6.4,0.767,12.4
2657,187.0,0,6.37,136.8836683,89.0,0,39.3,0,9.0,4.82,88.0,0.7,1653.1844,13926.0,6.1,6.5,0.76,12.4
2658,188.0,0,6.35,103.3710689,89.0,0,38.4,0,89.0,4.49,92.0,0.6,1495.96337,133144.0,6.2,6.6,0.751,12.3
2659,189.0,0,6.12,1187.949491,95.0,0,37.6,0,95.0,5.31,95.0,0.5,12323.1275,1296934.0,6.3,6.7,0.745,12.3
2660,19.0,0,5.82,11.85100131,94.0,0,36.8,0,94.0,5.22,94.0,1.0,129.51914,129535.0,6.3,6.8,0.736,12.2
2661,191.0,0,5.53,78.72216127,76.0,0,36.0,1,91.0,5.13,91.0,0.5,884.518666,128452.0,6.4,6.9,0.729,12.0
2662,192.0,0,5.12,72.03911741,5.0,0,35.2,1,96.0,5.0,96.0,2.0,749.626612,1277837.0,6.5,7.0,0.721,11.9
2663,194.0,0,4.55,516.7112481,0.0,0,34.4,1,91.0,4.4,91.0,1.2,6935.721451,127238.0,6.6,7.1,0.715,11.8
2664,197.0,0,4.68,43.59522964,0.0,0,33.6,1,9.0,4.17,9.0,0.9,643.947262,1267984.0,6.7,7.2,0.709,11.7
2665,1.0,3,0.0,0.0,98.0,16,61.2,3,98.0,0.0,98.0,0.1,3828.91589,11273661.0,6.5,6.4,0.723,14.6
2666,12.0,3,1.39,604.8701316,98.0,15,6.2,3,98.0,7.0,98.0,0.1,4271.68172,1114398.0,6.5,6.4,0.722,14.7
2667,13.0,3,1.29,594.6453102,98.0,16,59.3,3,98.0,7.26,98.0,0.1,4199.47253,1114558.0,6.4,6.3,0.72,14.7
2668,13.0,3,1.3,585.8776761,97.0,48,58.3,3,97.0,7.18,97.0,0.1,4137.55421,1886668.0,6.4,6.3,0.717,14.6
2669,13.0,3,1.29,623.2120325,98.0,11,57.4,3,98.0,7.15,98.0,0.1,4256.91279,1761467.0,6.4,6.3,0.714,14.5
2670,12.0,3,1.28,64.85616718,98.0,1,56.5,3,98.0,6.54,98.0,0.1,414.15177,1639931.0,6.3,6.3,0.71,14.4
2671,12.0,3,1.4,585.6307861,99.0,1,55.6,3,99.0,6.18,99.0,0.1,4129.977335,1521834.0,6.3,6.3,0.706,14.4
2672,12.0,3,1.37,53.08451654,99.0,2,54.7,3,99.0,5.63,99.0,0.1,431.9326,147336.0,6.3,6.3,0.701,14.3
2673,12.0,3,1.24,469.6282925,98.0,4,53.9,4,98.0,5.64,98.0,0.1,3778.184171,129887.0,6.3,6.3,0.695,14.3
2674,12.0,3,1.46,420.1153538,99.0,3,53.1,4,99.0,5.64,99.0,0.1,3371.71231,1196136.0,6.3,6.3,0.689,14.2
2675,14.0,3,1.37,379.5139945,97.0,15,52.2,4,98.0,5.57,98.0,0.1,3194.562243,112482.0,6.4,6.3,0.683,13.9
2676,15.0,3,1.36,379.7659054,96.0,1,51.4,4,97.0,5.63,97.0,0.1,3112.83529,11761.0,6.4,6.3,0.673,13.6
2677,17.0,4,1.34,321.7694175,92.0,22,5.6,4,95.0,5.36,95.0,0.1,2761.969249,9939678.0,6.4,6.3,0.667,13.5
2678,19.0,4,1.17,262.8184944,93.0,98,49.7,5,96.0,5.32,96.0,0.1,2346.5937,9864326.0,6.5,6.4,0.662,13.3
2679,11.0,4,1.19,257.2878697,94.0,231,48.9,5,98.0,5.29,98.0,0.1,2254.933126,978571.0,6.5,6.4,0.654,13.1
2680,112.0,4,1.21,264.7842196,94.0,47,48.1,5,97.0,5.4,97.0,0.1,2213.91488,9699197.0,6.6,6.5,0.646,12.8
2681,16.0,15,0.0,0.0,97.0,342,66.1,18,97.0,0.0,97.0,0.1,1979.52569,78271472.0,4.9,4.8,0.764,14.5
2682,17.0,16,1.45,181.9083783,96.0,565,65.3,19,96.0,5.41,96.0,0.1,12127.22522,773628.0,4.9,4.7,0.759,14.5
2683,19.0,17,1.41,188.1440348,97.0,7405,64.5,20,98.0,5.38,98.0,0.1,12542.93565,75787333.0,4.9,4.7,0.754,14.4
2684,112.0,19,1.54,20.75120211,97.0,349,63.7,22,97.0,5.24,97.0,0.1,1172.3843,74569867.0,4.9,4.7,0.75,14.3
2685,114.0,20,1.53,1275.877569,96.0,111,62.8,23,97.0,5.29,97.0,0.1,11341.13395,7349455.0,4.9,4.7,0.737,13.8
2686,116.0,21,1.49,32.78235828,96.0,7,61.9,25,97.0,5.61,97.0,0.1,1672.5693,72326914.0,4.9,4.7,0.715,13.0
2687,118.0,23,1.4,106.9482898,94.0,4,61.1,27,96.0,6.8,96.0,0.1,936.499911,71339185.0,4.9,4.8,0.709,12.5
2688,121.0,25,1.39,22.67271848,92.0,0,6.2,29,96.0,6.7,96.0,0.1,185.68975,74432.0,5.0,4.8,0.705,12.5
2689,124.0,26,1.26,115.5801103,96.0,3,59.3,31,96.0,6.4,96.0,0.1,979.49246,69597281.0,5.0,4.8,0.697,12.3
2690,126.0,28,1.29,103.523776,82.0,34,58.5,34,9.0,5.81,9.0,0.1,834.869161,6876345.0,5.0,4.8,0.687,11.9
2691,129.0,30,1.29,832.9552058,85.0,6200,57.6,36,9.0,5.45,9.0,0.1,7384.354661,679346.0,5.0,4.9,0.681,11.9
2692,132.0,33,1.35,1.132766775,77.0,8927,56.8,39,85.0,5.37,85.0,0.1,64.72953,677855.0,5.1,4.9,0.675,12.0
2693,135.0,35,1.42,459.1113061,68.0,5844,55.9,43,69.0,5.34,68.0,0.1,4718.51291,668583.0,5.1,5.0,0.668,11.9
2694,138.0,38,1.47,35.55729,72.0,7823,55.1,46,78.0,5.36,78.0,0.1,366.57,6514354.0,5.2,5.0,0.658,11.5
2695,14.0,41,1.49,256.4341746,77.0,30509,54.3,50,88.0,5.16,88.0,0.1,3119.63716,64191474.0,5.2,5.1,0.653,11.1
2696,143.0,44,1.54,421.2956602,71.0,16244,53.5,54,85.0,4.95,85.0,0.1,4316.553895,6324121.0,5.3,5.2,0.641,10.7
2697,215.0,6,0.0,0.0,99.0,0,48.6,7,99.0,0.0,99.0,0.1,6432.668768,5565284.0,3.3,3.3,0.688,10.8
2698,217.0,7,2.9,691.1333535,97.0,0,47.7,8,98.0,2.7,98.0,0.1,7962.365824,5466241.0,3.3,3.3,0.683,10.8
2699,228.0,7,2.93,63.7481117,98.0,0,46.7,8,98.0,2.12,98.0,0.1,734.42525,5366277.0,3.2,3.3,0.678,10.7
2700,22.0,7,2.75,579.4128244,98.0,0,45.9,8,98.0,1.96,97.0,0.1,6675.262954,5267839.0,3.2,3.3,0.672,10.7
2701,217.0,7,2.55,490.4181326,97.0,0,45.0,8,97.0,1.98,97.0,0.1,5649.978486,517461.0,3.2,3.3,0.665,10.6
2702,211.0,7,2.48,385.325164,96.0,0,44.2,8,96.0,1.99,96.0,0.1,4439.23,58721.0,3.2,3.3,0.0,10.6
2703,215.0,6,2.35,37.88466056,97.0,0,43.4,8,97.0,1.88,96.0,0.1,436.459223,5795.0,3.2,3.3,0.0,10.5
2704,235.0,6,2.4,34.23979419,96.0,0,42.7,8,96.0,1.93,96.0,0.1,394.467675,4935762.0,3.2,3.3,0.0,10.5
2705,241.0,6,2.58,0.358651421,98.0,59,42.0,8,98.0,2.16,98.0,0.1,26.371428,487137.0,3.3,3.3,0.0,10.4
2706,245.0,6,2.71,29.27235366,98.0,48,41.3,8,98.0,2.9,98.0,0.1,2136.66815,48115.0,3.3,3.3,0.0,10.4
2707,248.0,6,2.85,2.19888585,99.0,0,4.7,8,99.0,3.51,99.0,0.1,174.51475,4754641.0,3.4,3.4,0.0,10.3
2708,238.0,6,2.86,186.1013972,96.0,1,4.0,8,98.0,4.3,97.0,0.1,1453.917166,473398.0,3.4,3.4,0.0,10.3
2709,231.0,7,2.88,179.6156482,97.0,1,39.4,8,66.0,3.85,83.0,0.1,1283.885977,4655741.0,3.5,3.4,0.0,10.3
2710,229.0,7,2.33,130.3784829,96.0,11,38.7,8,99.0,3.34,98.0,0.1,967.917468,4612.0,3.5,3.5,0.0,10.2
2711,221.0,7,2.35,106.180706,0.0,9,38.1,9,94.0,3.87,95.0,0.1,774.4763388,45648.0,3.6,3.5,0.0,10.2
2712,224.0,7,2.9,88.2436347,0.0,113,37.5,9,98.0,3.94,97.0,0.1,643.17518,4516131.0,3.6,3.6,0.0,0.0
2713,0.0,0,0.01,78.28120317,9.0,0,79.3,0,9.0,16.61,9.0,0.1,3542.13589,1819.0,0.2,0.1,0.0,0.0
2714,291.0,66,0.0,0.0,78.0,478,18.5,93,82.0,0.0,78.0,3.1,693.8963829,414487.0,5.6,5.6,0.488,10.0
2715,38.0,68,0.01,14.16770158,78.0,314,18.1,97,82.0,7.22,78.0,3.2,719.172669,38833338.0,5.7,5.6,0.483,10.0
2716,325.0,71,0.01,90.76144414,78.0,7878,17.6,103,82.0,7.47,78.0,4.0,662.492293,37553726.0,5.7,5.7,0.478,10.0
2717,339.0,73,0.01,92.88697859,78.0,2027,17.2,109,82.0,7.58,78.0,4.6,647.74741,3636796.0,5.8,5.8,0.477,10.0
2718,347.0,76,10.22,94.49686776,82.0,3312,16.7,114,82.0,9.9,82.0,6.8,584.3962137,3593648.0,5.9,5.9,0.477,10.7
2719,362.0,79,10.03,116.202964,8.0,1313,16.3,119,79.0,11.2,8.0,8.0,594.9972557,33915133.0,6.0,6.0,0.473,10.9
2720,378.0,82,9.63,87.04534954,79.0,1601,15.9,124,78.0,8.43,79.0,8.1,647.17732,32771895.0,6.1,6.1,0.464,10.8
2721,41.0,84,9.79,72.85023656,71.0,1319,15.6,130,69.0,9.1,71.0,8.2,449.6928183,31663896.0,6.2,6.2,0.453,10.6
2722,41.0,88,9.65,6.002527685,73.0,3776,15.2,137,7.0,9.76,73.0,8.4,41.858631,359487.0,6.3,6.3,0.442,10.3
2723,41.0,93,9.81,50.83901418,64.0,5736,14.8,145,62.0,9.86,64.0,8.6,336.4593923,2955662.0,6.4,6.4,0.434,10.6
2724,446.0,99,10.09,44.52614001,64.0,22,14.5,155,59.0,9.36,64.0,8.7,315.788227,2854394.0,6.5,6.5,0.429,10.9
2725,485.0,104,9.89,36.60609252,62.0,141,14.2,164,58.0,8.9,62.0,8.9,288.236949,27568436.0,6.6,6.6,0.427,11.6
2726,53.0,109,10.16,4.426792406,44.0,29429,13.9,173,57.0,7.54,59.0,9.4,237.9995917,2662482.0,6.7,6.7,0.418,11.5
2727,523.0,112,10.42,2.690897842,29.0,49871,13.6,181,57.0,7.78,57.0,10.0,24.2423229,2571848.0,6.8,6.8,0.404,11.0
2728,539.0,115,10.57,26.97625217,0.0,48543,13.3,187,56.0,7.26,55.0,10.8,234.984775,24854892.0,6.9,6.9,0.396,10.8
2729,554.0,116,10.47,22.59447461,0.0,42554,13.0,191,55.0,6.77,52.0,11.6,257.63369,2439274.0,7.0,7.0,0.382,9.8
2730,195.0,4,0.0,0.0,22.0,105,61.3,5,51.0,0.0,23.0,0.2,2124.662666,4515429.0,2.3,2.4,0.748,15.3
2731,23.0,4,8.06,5.663849328,22.0,0,6.7,5,45.0,7.1,23.0,0.2,314.658296,45271947.0,2.3,2.4,0.746,15.2
2732,198.0,4,8.44,52.42529588,46.0,0,6.1,5,72.0,7.67,76.0,0.2,429.71554,454896.0,2.3,2.4,0.744,15.2
2733,25.0,5,8.44,453.7830847,46.0,12746,59.6,5,72.0,7.47,76.0,0.2,3855.42128,455933.0,2.4,2.4,0.739,15.1
2734,24.0,5,8.48,415.1627705,21.0,1333,59.0,5,54.0,6.98,5.0,0.2,3569.75727,45761.0,2.4,2.5,0.734,14.9
2735,212.0,5,8.39,375.6835376,48.0,39,58.5,6,57.0,7.81,52.0,0.2,2965.142365,45877.0,2.4,2.5,0.728,14.9
2736,231.0,5,8.71,324.5491348,66.0,0,58.0,6,74.0,7.8,71.0,0.3,2545.48341,46533.0,2.5,2.6,0.734,14.9
2737,273.0,5,9.46,456.4586664,84.0,48,57.6,6,91.0,6.63,9.0,0.4,3891.37823,462582.0,2.5,2.6,0.73,14.9
2738,277.0,5,8.86,46.19685449,92.0,1005,57.2,6,98.0,6.36,98.0,0.7,368.68998,465935.0,2.5,2.7,0.723,14.8
2739,267.0,5,7.99,29.38172706,96.0,42724,56.8,6,99.0,6.39,98.0,0.8,233.18831,4678775.0,2.6,2.7,0.716,14.7
2740,278.0,5,7.31,217.4345257,97.0,2392,56.4,6,95.0,6.41,96.0,0.9,1828.717626,471515.0,2.7,2.8,0.707,14.5
2741,267.0,5,6.79,180.3537859,98.0,146,56.1,6,99.0,6.61,99.0,1.0,1367.352433,474516.0,2.7,2.8,0.7,14.6
2742,256.0,6,5.92,21.22386354,77.0,411,55.7,6,99.0,6.93,97.0,0.9,148.522488,4781295.0,2.8,2.9,0.691,14.3
2743,256.0,6,4.89,115.738974,48.0,7587,55.4,7,99.0,6.25,99.0,0.9,879.475486,48225.0,2.9,3.0,0.683,13.9
2744,253.0,6,4.31,8.897421459,7.0,16970,55.1,7,99.0,5.66,99.0,0.8,78.738243,48683865.0,2.9,3.0,0.673,13.2
2745,257.0,6,4.49,7.883791474,4.0,817,54.8,8,99.0,5.59,99.0,0.7,635.789635,49175848.0,3.0,3.1,0.669,13.3
2746,75.0,1,0.0,0.0,99.0,347,64.2,1,99.0,0.0,99.0,0.1,3911.74689,0.0,5.3,5.1,0.836,13.3
2747,77.0,1,1.91,3862.68271,99.0,344,62.4,1,99.0,3.64,99.0,0.1,44449.7435,0.0,5.2,5.0,0.832,13.3
2748,78.0,1,1.82,377.2009132,98.0,0,6.5,1,98.0,3.49,98.0,0.1,4335.64268,0.0,5.2,5.0,0.829,13.3
2749,8.0,1,1.75,3663.764502,96.0,132,58.6,1,96.0,3.45,96.0,0.1,42112.23565,0.0,5.1,5.0,0.826,13.3
2750,81.0,1,1.73,387.774991,95.0,0,57.1,1,95.0,3.7,95.0,0.1,4462.3129,0.0,5.1,4.9,0.824,13.3
2751,82.0,1,1.69,308.0660742,94.0,87,55.8,1,94.0,3.93,94.0,0.1,3549.14832,0.0,5.1,4.9,0.826,13.3
2752,84.0,1,1.73,292.4022672,93.0,0,55.1,1,94.0,4.5,93.0,0.1,3372.57517,0.0,5.1,4.9,0.831,13.2
2753,85.0,1,1.86,4003.908598,92.0,55,54.8,1,94.0,2.93,92.0,0.1,45758.9554,0.0,5.1,4.9,0.829,13.1
2754,87.0,1,1.69,3759.457226,92.0,0,55.1,1,94.0,2.57,92.0,0.1,42672.61323,0.0,5.1,4.9,0.826,12.9
2755,89.0,1,1.74,3749.941617,92.0,0,55.8,1,94.0,2.33,92.0,0.1,42372.22166,0.0,5.1,4.9,0.823,12.8
2756,92.0,1,1.79,3427.320332,92.0,29,56.6,1,94.0,2.32,94.0,0.1,39439.8197,0.0,5.1,4.9,0.818,12.6
2757,95.0,1,1.77,2972.448675,92.0,22,57.0,1,94.0,2.46,94.0,0.1,36161.1761,0.0,5.2,4.9,0.813,12.4
2758,98.0,1,1.74,277.1818332,92.0,42,56.8,1,94.0,2.65,94.0,0.1,3323.52318,0.0,5.2,5.0,0.808,12.3
2759,11.0,1,1.72,2598.842827,92.0,53,56.0,1,94.0,2.72,94.0,0.1,31311.35936,0.0,5.3,5.0,0.803,12.1
2760,14.0,1,1.67,243.7539129,92.0,30,55.0,1,94.0,2.48,94.0,0.1,3161.52935,0.0,5.3,5.1,0.798,12.0
2761,17.0,1,1.64,262.9589578,92.0,69,54.1,1,94.0,2.38,94.0,0.1,3371.26869,0.0,5.4,5.1,0.791,11.8
2762,69.0,3,10.66,0.0,0.0,91,66.6,4,96.0,0.0,96.0,0.1,0.0,0.0,0.8,0.6,0.0,0.0
2763,71.0,3,10.37,0.0,0.0,133,66.0,4,95.0,9.12,95.0,0.1,0.0,0.0,0.8,0.5,0.0,0.0
2764,72.0,3,10.32,0.0,0.0,1919,65.4,4,95.0,9.34,95.0,0.1,0.0,0.0,0.8,0.5,0.0,0.0
2765,72.0,3,10.42,0.0,0.0,2092,64.8,4,95.0,9.41,95.0,0.1,0.0,0.0,0.8,0.5,0.0,0.0
2766,74.0,3,10.68,0.0,0.0,1112,64.2,4,95.0,9.34,95.0,0.1,0.0,0.0,0.8,0.5,0.0,0.0
2767,77.0,3,10.88,0.0,0.0,443,63.6,4,94.0,9.51,94.0,0.1,0.0,0.0,0.8,0.5,0.0,0.0
2768,78.0,4,10.79,0.0,0.0,1212,63.1,4,93.0,9.81,93.0,0.1,0.0,0.0,0.8,0.5,0.0,0.0
2769,8.0,4,11.47,0.0,0.0,1445,62.5,4,92.0,8.85,92.0,0.1,0.0,0.0,0.8,0.5,0.0,0.0
2770,8.0,4,11.84,0.0,0.0,1022,61.9,4,92.0,8.42,92.0,0.1,0.0,0.0,0.7,0.5,0.0,0.0
2771,82.0,4,11.61,0.0,0.0,764,61.3,4,92.0,8.36,92.0,0.1,0.0,0.0,0.7,0.5,0.0,0.0
2772,82.0,4,12.05,0.0,0.0,79,6.7,4,91.0,8.24,91.0,0.1,0.0,0.0,0.7,0.5,0.0,0.0
2773,83.0,4,12.22,0.0,0.0,189,6.1,4,92.0,7.98,92.0,0.1,0.0,0.0,0.7,0.5,0.0,0.0
2774,86.0,4,11.85,0.0,0.0,460,59.5,4,91.0,7.81,91.0,0.1,0.0,0.0,0.7,0.5,0.0,0.0
2775,87.0,4,11.44,0.0,0.0,314,58.8,4,91.0,7.57,91.0,0.1,0.0,0.0,0.7,0.5,0.0,0.0
2776,88.0,4,10.91,0.0,0.0,73,58.2,4,91.0,7.31,91.0,0.1,0.0,0.0,0.7,0.5,0.0,0.0
2777,89.0,4,10.59,0.0,0.0,104,57.5,5,91.0,6.94,91.0,0.1,0.0,0.0,0.7,0.5,0.0,0.0
2778,279.0,85,0.0,0.0,98.0,30,23.8,119,96.0,0.0,98.0,1.4,0.0,0.0,6.7,6.5,0.0,0.0
2779,34.0,86,0.01,0.0,97.0,88,23.2,121,97.0,5.58,97.0,1.4,0.0,0.0,6.8,6.6,0.0,0.0
2780,323.0,86,4.2,0.0,91.0,185,22.5,124,91.0,5.57,91.0,2.1,0.0,0.0,6.8,6.7,0.0,0.0
2781,348.0,87,3.98,0.0,92.0,1668,21.9,126,9.0,5.72,92.0,2.4,0.0,0.0,6.9,6.8,0.0,0.0
2782,348.0,88,4.04,0.0,9.0,1622,21.3,128,88.0,5.72,9.0,3.1,0.0,0.0,7.0,6.9,0.0,0.0
2783,36.0,89,4.19,0.0,91.0,167,2.7,131,94.0,5.3,91.0,4.6,0.0,0.0,7.1,7.1,0.0,0.0
2784,368.0,91,3.97,0.0,85.0,1574,2.2,135,88.0,3.97,85.0,6.4,0.0,0.0,7.2,7.2,0.0,0.0
2785,376.0,92,3.44,0.0,86.0,3413,19.6,138,89.0,4.21,86.0,7.4,0.0,0.0,7.3,7.3,0.0,0.0
2786,411.0,94,4.4,0.0,83.0,7726,19.1,141,88.0,4.72,83.0,8.5,0.0,0.0,7.5,7.4,0.0,0.0
2787,437.0,96,4.07,0.0,9.0,2362,18.6,145,91.0,6.86,9.0,9.4,0.0,0.0,7.6,7.5,0.0,0.0
2788,449.0,97,3.94,0.0,9.0,23,18.1,149,91.0,4.66,9.0,10.0,0.0,0.0,7.7,7.6,0.0,0.0
2789,454.0,100,3.81,0.0,95.0,1419,17.7,154,95.0,4.1,95.0,10.8,0.0,0.0,7.8,7.8,0.0,0.0
2790,459.0,103,2.34,0.0,95.0,1673,17.2,160,97.0,4.6,95.0,11.5,0.0,0.0,7.9,7.9,0.0,0.0
2791,46.0,106,3.37,0.0,89.0,5131,16.8,166,91.0,3.59,89.0,12.1,0.0,0.0,8.0,8.0,0.0,0.0
2792,46.0,110,4.09,0.0,0.0,11847,16.4,173,65.0,3.28,87.0,12.5,0.0,0.0,8.2,8.1,0.0,0.0
2793,457.0,114,3.89,0.0,0.0,14649,16.0,181,64.0,2.64,79.0,12.8,0.0,0.0,8.3,8.3,0.0,0.0
2794,13.0,23,0.0,0.0,92.0,188,69.6,26,93.0,0.0,95.0,0.1,0.0,0.0,0.8,0.6,0.0,0.0
2795,14.0,23,8.82,0.0,92.0,667,69.1,27,93.0,17.14,95.0,0.1,0.0,0.0,0.8,0.6,0.0,0.0
2796,16.0,23,8.82,0.0,91.0,187,68.6,27,93.0,16.9,94.0,0.1,0.0,0.0,0.7,0.6,0.0,0.0
2797,16.0,24,8.82,0.0,9.0,55,68.0,28,93.0,17.2,94.0,0.1,0.0,0.0,0.7,0.6,0.0,0.0
2798,16.0,25,8.67,0.0,91.0,220,67.5,29,94.0,17.6,96.0,0.1,0.0,0.0,0.7,0.6,0.0,0.0
2799,15.0,25,8.55,0.0,92.0,63,66.9,30,93.0,17.2,95.0,0.1,0.0,0.0,0.7,0.6,0.0,0.0
2800,18.0,26,8.71,0.0,92.0,71,66.3,31,93.0,17.0,95.0,0.1,0.0,0.0,0.7,0.6,0.0,0.0
2801,18.0,27,8.74,0.0,94.0,140,65.7,31,94.0,16.2,96.0,0.1,0.0,0.0,0.7,0.6,0.0,0.0
2802,11.0,27,8.74,0.0,93.0,43,65.1,32,93.0,15.57,96.0,0.1,0.0,0.0,0.7,0.6,0.0,0.0
2803,113.0,28,8.63,0.0,93.0,55,64.4,33,93.0,15.27,96.0,0.1,0.0,0.0,0.7,0.6,0.0,0.0
2804,112.0,28,8.52,0.0,93.0,66,63.8,33,92.0,15.15,96.0,0.1,0.0,0.0,0.7,0.6,0.0,0.0
2805,111.0,28,8.48,0.0,92.0,37,63.1,33,92.0,15.14,96.0,0.1,0.0,0.0,0.7,0.6,0.0,0.0
2806,114.0,28,8.4,0.0,92.0,56,62.4,33,91.0,15.6,96.0,0.1,0.0,0.0,0.7,0.6,0.0,0.0
2807,115.0,28,8.33,0.0,88.0,41,61.7,33,9.0,14.55,94.0,0.1,0.0,0.0,0.8,0.6,0.0,0.0
2808,115.0,28,8.25,0.0,89.0,116,6.9,33,89.0,13.73,94.0,0.1,0.0,0.0,0.8,0.6,0.0,0.0
2809,114.0,28,8.21,0.0,9.0,85,6.1,33,9.0,13.7,94.0,0.1,0.0,0.0,0.8,0.7,0.0,0.0
2810,116.0,0,0.0,0.0,95.0,0,64.0,0,95.0,0.0,95.0,0.1,15524.84247,3431552.0,1.5,1.4,0.794,15.5
2811,117.0,0,6.03,463.6397821,95.0,0,63.4,0,95.0,8.58,95.0,0.1,16737.89827,3419546.0,1.5,1.4,0.791,15.5
2812,117.0,0,5.82,482.8039445,94.0,0,62.9,0,94.0,8.68,94.0,0.1,16881.2568,3485.0,1.5,1.4,0.788,15.5
2813,118.0,0,5.77,339.7190493,95.0,0,62.3,0,95.0,8.74,95.0,0.1,1592.6819,3396777.0,1.5,1.5,0.784,15.5
2814,111.0,0,5.97,417.9117441,95.0,0,61.8,1,95.0,8.55,95.0,0.1,14166.4998,3385624.0,1.5,1.5,0.78,15.5
2815,118.0,0,6.21,2331.532804,95.0,0,61.2,1,95.0,8.63,95.0,0.1,11938.212,3374415.0,1.5,1.5,0.777,15.6
2816,118.0,0,6.67,1871.736563,95.0,0,6.7,1,95.0,8.78,95.0,0.1,9415.17386,3362755.0,1.5,1.5,0.774,15.5
2817,119.0,1,6.76,24.73142261,94.0,0,6.1,1,94.0,8.17,94.0,0.1,962.312164,335824.0,1.6,1.5,0.77,15.7
2818,124.0,1,6.67,14.47305874,94.0,0,59.5,1,94.0,8.23,94.0,0.1,79.69746,3339741.0,1.6,1.5,0.76,15.3
2819,117.0,1,6.58,1712.225506,95.0,0,58.9,1,95.0,11.17,95.0,0.1,5877.87678,333143.0,1.6,1.6,0.756,15.2
2820,123.0,1,6.35,152.5448405,96.0,0,58.3,1,96.0,11.15,96.0,0.1,522.951116,3325612.0,1.6,1.6,0.753,15.5
2821,122.0,1,5.66,882.356362,94.0,0,57.7,1,95.0,11.59,94.0,0.1,4117.38853,332496.0,1.7,1.6,0.75,15.5
2822,121.0,1,5.11,160.8400141,91.0,0,57.0,1,91.0,6.52,91.0,0.1,3622.52284,3325637.0,1.7,1.6,0.747,15.0
2823,124.0,1,5.86,27.46880965,95.0,0,56.3,1,93.0,7.18,95.0,0.1,488.768855,3327773.0,1.7,1.7,0.746,14.7
2824,123.0,1,6.48,421.4804282,94.0,0,55.7,1,94.0,7.46,94.0,0.1,6281.37747,332713.0,1.8,1.7,0.742,14.2
2825,131.0,1,6.65,645.9583816,92.0,0,55.0,1,92.0,7.82,9.0,0.1,6871.897677,3321245.0,1.8,1.7,0.738,14.0
2826,184.0,15,0.0,0.0,99.0,22,44.7,17,99.0,0.0,99.0,0.1,2137.576852,312989.0,3.0,3.1,0.697,12.1
2827,184.0,16,0.01,0.442802404,99.0,8,43.9,18,99.0,5.84,99.0,0.1,25.448414,37577.0,3.0,3.1,0.69,12.1
2828,185.0,17,0.01,19.1624696,99.0,0,43.0,19,99.0,6.32,99.0,0.1,197.551233,32432.0,3.0,3.1,0.681,12.0
2829,184.0,18,0.01,16.71406295,99.0,0,42.2,21,99.0,6.49,99.0,0.1,174.468298,297745.0,3.0,3.1,0.673,12.0
2830,183.0,19,2.83,140.6905284,99.0,476,41.4,22,99.0,5.65,99.0,0.1,1564.966945,293394.0,3.0,3.1,0.664,12.0
2831,183.0,20,2.73,119.4571154,99.0,117,4.7,23,99.0,5.34,99.0,0.2,1377.8214,285624.0,3.0,3.1,0.657,11.9
2832,183.0,21,2.56,92.81479759,98.0,0,4.0,24,99.0,6.31,98.0,0.2,1213.265328,277674.0,3.1,3.1,0.651,11.8
2833,184.0,22,2.36,13.89021225,91.0,2,39.3,25,98.0,5.92,98.0,0.3,182.28625,27328.0,3.1,3.1,0.644,11.9
2834,184.0,22,2.15,9.290983645,99.0,863,38.7,26,98.0,5.81,96.0,0.3,83.476942,26868.0,3.1,3.1,0.631,11.8
2835,185.0,23,1.96,77.27092119,98.0,823,38.1,27,94.0,5.49,96.0,0.4,654.2838373,2648825.0,3.2,3.2,0.626,11.8
2836,192.0,24,1.78,40.13342094,99.0,737,37.5,28,99.0,5.11,99.0,0.3,546.776852,26167.0,3.2,3.2,0.62,11.7
2837,183.0,24,1.59,34.41887163,99.0,75,37.0,29,99.0,5.11,99.0,0.3,465.1198869,2586435.0,3.2,3.2,0.613,11.6
2838,183.0,25,1.54,28.52135777,99.0,85,36.4,30,99.0,5.17,98.0,0.3,396.129969,2556765.0,3.3,3.3,0.607,11.3
2839,186.0,27,1.47,24.99438738,62.0,25,35.9,32,99.0,5.44,99.0,0.2,383.3494997,2527185.0,3.3,3.3,0.6,11.0
2840,185.0,28,1.53,43.66385568,0.0,22,35.3,34,99.0,5.28,99.0,0.2,456.734892,2496445.0,3.4,3.3,0.594,10.7
2841,189.0,30,1.6,48.50941741,0.0,80,34.8,36,99.0,5.29,99.0,0.1,558.221144,24654.0,3.4,3.4,0.0,10.6
2842,13.0,0,0.0,0.0,64.0,39,53.3,0,65.0,0.0,64.0,0.1,285.83414,26463.0,1.5,1.4,0.598,10.8
2843,134.0,0,0.01,564.8167043,64.0,10,52.5,0,65.0,5.2,64.0,0.1,3148.36513,25885.0,1.5,1.4,0.596,10.8
2844,135.0,0,0.01,447.545645,64.0,0,51.7,0,65.0,3.92,64.0,0.1,3167.34356,253142.0,1.5,1.4,0.591,10.8
2845,138.0,0,0.01,427.9885222,64.0,0,5.8,0,65.0,3.7,64.0,0.1,3158.58688,247485.0,1.5,1.4,0.592,10.8
2846,141.0,0,0.85,457.9731742,63.0,0,49.9,0,65.0,3.85,65.0,0.1,3275.91684,241871.0,1.5,1.4,0.591,10.8
2847,145.0,0,0.91,471.8626525,62.0,0,49.1,0,66.0,4.71,65.0,0.1,2965.82434,236295.0,1.5,1.4,0.59,10.8
2848,149.0,0,0.83,361.0940984,62.0,0,48.2,0,66.0,3.9,66.0,0.1,2643.441423,23785.0,1.5,1.5,0.589,10.7
2849,153.0,0,1.18,345.339056,61.0,0,47.4,0,66.0,3.66,67.0,0.1,2697.961375,22534.0,1.5,1.5,0.582,10.7
2850,157.0,0,1.01,342.4908556,6.0,0,46.6,0,67.0,3.67,67.0,0.1,2393.367265,219953.0,1.6,1.5,0.579,10.7
2851,161.0,0,1.0,43.19780767,59.0,0,45.7,0,67.0,3.96,68.0,0.1,247.97823,214634.0,1.6,1.5,0.572,10.6
2852,165.0,0,0.88,337.2942846,61.0,3,44.9,0,67.0,3.87,68.0,0.1,1886.433359,2937.0,1.6,1.5,0.0,10.6
2853,169.0,0,0.85,334.1673373,63.0,0,44.1,0,67.0,4.12,69.0,0.1,1787.94723,24143.0,1.6,1.5,0.0,10.7
2854,173.0,0,1.2,27.29839073,64.0,165,43.3,0,67.0,4.2,69.0,0.1,158.52724,198964.0,1.6,1.6,0.0,10.4
2855,176.0,0,1.24,171.1373611,66.0,101,42.6,0,67.0,3.52,7.0,0.1,1353.934819,193956.0,1.7,1.6,0.0,10.2
2856,179.0,0,0.91,163.105292,68.0,7,41.9,0,67.0,3.37,7.0,0.1,1362.61731,18929.0,1.7,1.6,0.0,10.1
2857,18.0,0,1.21,21.90075232,7.0,9,41.1,0,67.0,3.28,71.0,0.1,1469.849149,18563.0,1.7,1.7,0.0,9.6
2858,157.0,9,0.0,0.0,87.0,0,62.1,10,87.0,0.0,87.0,0.1,0.0,0.0,1.6,1.5,0.769,14.3
2859,158.0,9,6.47,0.0,78.0,0,61.5,10,79.0,5.26,78.0,0.1,0.0,0.0,1.6,1.5,0.771,14.2
2860,159.0,9,6.71,0.0,82.0,0,61.0,10,82.0,4.94,82.0,0.1,0.0,0.0,1.6,1.5,0.77,14.2
2861,161.0,9,6.7,0.0,81.0,1,6.4,10,73.0,4.8,81.0,0.1,0.0,0.0,1.6,1.5,0.767,14.1
2862,158.0,9,6.74,0.0,78.0,0,59.9,10,78.0,5.24,78.0,0.1,0.0,0.0,1.6,1.5,0.756,14.1
2863,158.0,9,7.22,0.0,78.0,0,59.3,10,74.0,5.4,78.0,0.1,0.0,0.0,1.6,1.5,0.754,14.0
2864,166.0,9,7.59,0.0,84.0,0,58.8,10,75.0,5.81,84.0,0.1,0.0,0.0,1.6,1.5,0.754,14.0
2865,168.0,9,8.18,0.0,53.0,0,58.2,10,76.0,3.98,5.0,0.1,0.0,0.0,1.6,1.5,0.745,13.4
2866,165.0,9,8.7,0.0,62.0,32,57.6,10,67.0,5.25,62.0,0.1,0.0,0.0,1.6,1.5,0.728,12.9
2867,163.0,9,8.27,0.0,71.0,78,57.1,11,73.0,4.85,71.0,0.1,0.0,0.0,1.6,1.6,0.714,12.4
2868,158.0,9,7.92,0.0,88.0,0,56.5,11,8.0,4.69,87.0,0.1,0.0,0.0,1.7,1.6,0.7,11.8
2869,161.0,10,7.55,0.0,82.0,0,55.9,11,83.0,4.78,86.0,0.1,0.0,0.0,1.7,1.6,0.687,11.6
2870,172.0,10,6.3,0.0,72.0,0,55.3,12,86.0,4.93,68.0,0.1,0.0,0.0,1.7,1.6,0.688,11.6
2871,167.0,10,6.89,0.0,6.0,2392,54.7,12,81.0,4.93,65.0,0.1,0.0,0.0,1.7,1.7,0.684,11.0
2872,169.0,10,8.05,0.0,53.0,115,54.1,12,87.0,5.21,7.0,0.1,0.0,0.0,1.8,1.7,0.672,10.4
2873,168.0,11,8.01,0.0,5.0,22,53.4,13,86.0,4.91,77.0,0.1,0.0,0.0,1.8,1.7,0.67,10.6
2874,127.0,28,0.0,0.0,97.0,256,17.5,35,97.0,0.0,97.0,0.1,0.0,0.0,14.2,14.5,0.678,12.6
2875,128.0,28,4.09,0.0,95.0,15033,16.7,35,96.0,7.7,95.0,0.1,0.0,0.0,14.3,14.7,0.675,12.5
2876,129.0,28,4.0,0.0,59.0,1123,16.0,35,93.0,7.17,59.0,0.1,0.0,0.0,14.3,14.9,0.668,12.3
2877,13.0,29,4.12,0.0,97.0,578,15.3,36,97.0,6.96,97.0,0.1,0.0,0.0,14.4,15.0,0.662,12.2
2878,131.0,29,3.94,0.0,95.0,750,14.7,36,96.0,6.2,95.0,0.1,0.0,0.0,14.4,15.2,0.655,12.0
2879,133.0,29,3.93,0.0,88.0,2809,14.0,35,94.0,6.36,93.0,0.1,0.0,0.0,14.5,15.4,0.647,11.9
2880,134.0,29,3.86,0.0,94.0,6582,13.4,35,97.0,6.4,96.0,0.1,0.0,0.0,14.6,15.5,0.641,11.7
2881,135.0,28,3.58,0.0,87.0,352,12.9,35,93.0,5.53,93.0,0.2,0.0,0.0,14.7,15.7,0.633,11.6
2882,136.0,28,3.01,0.0,67.0,17,12.3,35,92.0,6.9,92.0,0.2,0.0,0.0,14.9,15.8,0.625,11.4
2883,136.0,28,2.56,0.0,93.0,1978,11.8,35,94.0,5.56,94.0,0.2,0.0,0.0,15.1,15.9,0.618,11.3
2884,136.0,29,2.7,0.0,94.0,410,11.3,36,94.0,5.38,95.0,0.2,0.0,0.0,15.3,16.0,0.609,11.1
2885,136.0,29,2.86,0.0,94.0,217,1.9,36,96.0,5.9,96.0,0.2,0.0,0.0,15.4,16.1,0.601,11.0
2886,137.0,30,2.19,0.0,78.0,2297,1.4,37,96.0,4.84,99.0,0.2,0.0,0.0,15.6,16.2,0.592,10.9
2887,137.0,30,2.03,0.0,0.0,6755,1.0,39,92.0,4.7,75.0,0.2,0.0,0.0,15.6,16.3,0.584,10.7
2888,138.0,32,1.84,0.0,0.0,12058,9.6,41,96.0,5.17,96.0,0.1,0.0,0.0,15.7,16.4,0.576,10.6
2889,139.0,33,1.6,0.0,0.0,16512,9.2,43,96.0,4.89,96.0,0.1,0.0,0.0,15.8,16.4,0.569,10.4
2890,224.0,37,0.0,0.0,69.0,468,41.3,47,63.0,0.0,69.0,0.1,0.0,0.0,13.6,13.4,0.499,9.0
2891,228.0,37,0.01,0.0,73.0,815,4.4,47,67.0,5.64,73.0,0.1,0.0,0.0,13.7,13.5,0.5,9.0
2892,226.0,36,0.04,0.0,73.0,400,39.6,46,67.0,5.78,73.0,0.1,0.0,0.0,13.7,13.5,0.498,9.0
2893,236.0,36,0.04,0.0,67.0,2177,38.7,46,68.0,5.73,67.0,0.1,0.0,0.0,13.7,13.6,0.494,9.0
2894,234.0,35,0.04,0.0,69.0,2676,37.9,45,69.0,5.4,69.0,0.1,0.0,0.0,13.7,13.6,0.493,8.6
2895,233.0,35,0.06,0.0,76.0,510,37.2,45,77.0,5.17,76.0,0.1,0.0,0.0,13.7,13.7,0.488,8.5
2896,235.0,36,0.03,0.0,76.0,130,36.4,46,76.0,5.32,76.0,0.1,0.0,0.0,13.8,13.7,0.483,8.4
2897,238.0,37,0.04,0.0,78.0,7,35.7,47,78.0,5.12,78.0,0.1,0.0,0.0,13.8,13.7,0.48,8.5
2898,24.0,38,0.05,0.0,79.0,13,35.1,49,79.0,4.92,79.0,0.1,0.0,0.0,13.8,13.8,0.477,8.6
2899,242.0,39,0.04,0.0,78.0,8079,34.5,51,78.0,4.82,78.0,0.1,0.0,0.0,13.9,13.8,0.475,8.7
2900,245.0,40,0.04,0.0,8.0,6285,33.9,53,8.0,4.58,79.0,0.1,0.0,0.0,13.9,13.8,0.47,8.6
2901,247.0,42,0.06,0.0,43.0,12708,33.3,56,72.0,4.9,72.0,0.1,0.0,0.0,13.9,13.9,0.464,8.4
2902,249.0,43,0.04,0.0,38.0,8536,32.7,58,61.0,5.0,61.0,0.1,0.0,0.0,14.0,13.9,0.457,8.2
2903,25.0,45,0.07,0.0,31.0,890,32.2,61,64.0,4.22,65.0,0.1,0.0,0.0,14.0,14.0,0.45,8.0
2904,251.0,46,0.08,0.0,19.0,485,31.7,63,73.0,4.34,73.0,0.1,0.0,0.0,14.0,14.0,0.444,7.9
2905,252.0,48,0.07,0.0,14.0,0,31.2,66,74.0,4.14,74.0,0.1,0.0,0.0,14.1,14.1,0.436,7.7
2906,33.0,27,0.0,0.0,9.0,9,23.4,40,9.0,0.0,9.0,4.1,1313.889646,161587.0,6.3,6.1,0.576,12.5
2907,314.0,28,0.01,196.6675768,86.0,9,22.8,41,78.0,4.99,86.0,4.3,1738.8822,1562974.0,6.3,6.2,0.57,12.5
2908,328.0,29,2.41,20.62306285,79.0,35,22.3,42,74.0,4.99,79.0,4.8,185.793359,1515321.0,6.4,6.2,0.565,12.5
2909,349.0,29,2.59,196.9152496,78.0,896,21.7,43,7.0,4.91,78.0,5.6,1734.93612,14699937.0,6.5,6.3,0.554,12.3
2910,366.0,29,2.57,183.0461695,81.0,13234,21.2,44,83.0,4.26,81.0,6.3,1644.619672,14264756.0,6.6,6.4,0.543,12.0
2911,363.0,30,2.47,184.3649102,83.0,15754,2.7,45,8.0,4.41,83.0,6.8,1463.213573,138533.0,6.7,6.5,0.533,11.8
2912,368.0,30,2.3,143.8698873,94.0,26,2.2,47,93.0,4.73,94.0,9.1,1139.11233,13456417.0,6.7,6.6,0.518,11.6
2913,45.0,31,2.12,153.6783754,87.0,140,19.7,49,9.0,4.87,87.0,11.9,1369.68249,1382517.0,6.8,6.7,0.504,11.4
2914,487.0,32,2.08,10.85148218,8.0,535,19.2,51,77.0,4.37,8.0,13.6,114.587985,12725974.0,6.9,6.8,0.492,11.1
2915,526.0,33,2.25,1.860003739,81.0,459,18.8,52,83.0,6.11,81.0,15.9,13.154199,12383446.0,7.0,6.9,0.479,10.9
2916,554.0,34,2.33,121.879331,82.0,45,18.4,55,84.0,7.56,82.0,17.0,691.3178164,1252156.0,7.1,7.0,0.467,10.7
2917,578.0,36,2.46,8.369851529,0.0,35,18.0,59,84.0,7.33,83.0,17.6,53.2772217,11731746.0,7.2,7.1,0.456,10.5
2918,64.0,39,2.33,65.78997404,0.0,881,17.6,62,85.0,8.18,83.0,18.2,429.1583434,11421984.0,7.3,7.2,0.443,10.2
2919,69.0,41,2.44,54.04348047,0.0,25036,17.3,66,85.0,6.93,84.0,18.4,377.135244,111249.0,7.4,7.3,0.433,10.0
2920,611.0,43,2.61,46.83027463,0.0,16997,17.1,70,86.0,6.56,85.0,18.6,378.2736238,1824125.0,7.4,7.4,0.424,9.8
2921,614.0,44,2.62,45.61688038,0.0,30930,16.8,72,85.0,7.16,85.0,18.7,341.955625,1531221.0,7.5,7.5,0.418,9.6
2922,336.0,22,0.0,0.0,87.0,0,31.8,32,88.0,0.0,87.0,6.2,118.69383,15777451.0,5.6,5.5,0.507,10.3
2923,371.0,23,6.5,10.82259524,91.0,0,31.3,34,92.0,6.44,91.0,6.3,127.47462,15411675.0,5.9,5.7,0.498,10.3
2924,399.0,25,6.39,10.66670728,95.0,0,3.8,36,95.0,6.88,95.0,6.8,111.227396,155456.0,6.2,6.0,0.488,10.4
2925,429.0,26,6.09,92.60233636,97.0,0,3.3,39,95.0,6.69,95.0,8.8,955.648466,1471826.0,6.5,6.4,0.464,9.8
2926,464.0,28,6.0,63.75053034,94.0,0,29.9,42,93.0,6.31,93.0,13.3,839.927936,14386649.0,6.8,6.7,0.452,10.1
2927,527.0,29,5.21,53.30858081,9.0,9696,29.4,44,89.0,5.37,89.0,15.7,713.63562,1486317.0,7.1,7.0,0.436,10.0
2928,587.0,30,4.64,1.040021112,73.0,853,29.0,45,69.0,6.26,73.0,18.1,65.824121,1381599.0,7.5,7.4,0.419,9.9
2929,632.0,30,3.56,20.84342867,75.0,0,28.6,46,75.0,4.96,75.0,20.5,325.678573,13558469.0,7.8,7.8,0.421,9.7
2930,67.0,29,3.88,29.81456607,72.0,242,28.2,46,73.0,4.47,73.0,23.7,396.9982166,1332999.0,8.2,8.2,0.414,9.6
2931,7.0,28,4.57,34.26216876,68.0,212,27.9,45,71.0,5.12,7.0,26.8,414.796232,13124267.0,8.6,8.6,0.408,9.5
2932,717.0,28,4.14,8.7174087,65.0,420,27.5,43,69.0,6.44,68.0,30.3,444.76575,129432.0,9.0,9.0,0.406,9.3
2933,723.0,27,4.36,0.0,68.0,31,27.1,42,67.0,7.13,65.0,33.6,454.366654,12777511.0,9.4,9.4,0.407,9.2
2934,715.0,26,4.06,0.0,7.0,998,26.7,41,7.0,6.52,68.0,36.7,453.3511552,12633897.0,9.8,9.9,0.418,9.5
2935,73.0,25,4.43,0.0,73.0,304,26.3,40,73.0,6.53,71.0,39.8,57.34834,125525.0,1.2,1.3,0.427,10.0
2936,686.0,25,1.72,0.0,76.0,529,25.9,39,76.0,6.16,75.0,42.1,548.587312,12366165.0,1.6,1.7,0.427,9.8
2937,665.0,24,1.68,0.0,79.0,1483,25.5,39,78.0,7.1,78.0,43.5,547.3588785,12222251.0,11.0,11.2,0.434,9.8
